category,title,creator,publication_year,description
album,Seattle Volcano,Rodger Haag,1951,Quia et id eius.
album,Thanksgiving Star,Mrs. Lyndon Schroeder,1959,Eaque ipsam expedita explicabo.
movie,Morning Light,Miss Johnetta Gaylord,1934,Velit maiores ut porro.
album,Heart Volcano,Adolph Funk,1966,Eos ipsam et eaque.
movie,Express Blend,Providencia Runte,2008,Molestiae iste quia explicabo.
book,Street Nuts,Rex Kling,1979,Dolor consectetur atque est.
movie,Blacktop Equinox,Ms. Chieko Cormier,2001,Commodi est facere omnis.
album,Spilt Light,Ezra Rau,1957,Ipsum sunt enim voluptas.
book,Green ,Beau Hessel III,1971,Qui labore vel mollitia.
book,Melty ,Dr. Mickey Bartoletti,2004,Nisi corporis occaecati repellendus.
album,Captain's Extract,Miss Ramiro Goyette,1972,Sequi et iste dolore.
movie,Spilt Solstice,Karen Reichel,1949,Odit a neque voluptates.
book,Pumpkin-spice Forrester,Dr. Lee Cole,2005,Quia dolores qui vel.
book,Veranda Java,Marica Murphy II,1988,Commodi numquam dolorum eum.
movie,Jacked Bean,Temple Bashirian,1947,Vero minima aliquam dolor.
album,Joe Choice,Mohammed Howe III,2014,Necessitatibus est nulla suscipit.
book,Bluebery Cup,Rosetta Goodwin,1977,Quidem aut velit eveniet.
album,Captain's Been,Emmett Gibson,1943,Porro perspiciatis quia id.
movie,Evening Cup,Lyndon Jakubowski,1977,Ut consequuntur dolores doloremque.
book,Hello ,Delorse Reinger II,1961,Assumenda autem et corporis.
album,Bluebery Been,Miss Kortney Mosciski,1929,Et vel ullam consequuntur.
movie,Seattle Cake,Trenton Greenholt Sr.,1998,Molestiae sed modi et.
album,Postmodern Forrester,Han Okuneva,1979,Cupiditate harum delectus aperiam.
movie,Veranda Forrester,Adan Hintz,1994,Enim qui excepturi ex.
book,Postmodern ,Maryellen Grimes V,1947,Sed similique explicabo expedita.
