name,director,description
Deadpool,Tim Miller,Watch a madcap adventure with a Canadian superhero and his unicorn
UP,Pete Docter & Bob Peterson,78 year take the trip of a lifetime. And there is a dog
Finding Dory,Andrew Stanton & Angus Maclane,Fish with short-term memory loss finds its way home
My Neighbor Totoro,Hayao Miyazaki,Two young girls adventure with a woodland spirit
Spirited Away,Hayao Miyazaki,One young girls adventure with woodland spirits
Howls Moving Castle,Hayao Miyazaki,Something about a witch and a curse and a walking house
Stranger Things,Matt Duffer,A mysterious young girl is the key to solving a towns epidemic of missing persons
Sherlock,Mark Gatiss & Steven Moffat,21st century detective work. Sherlock Holmes & The Reichenbach ,Mark Gatiss & Steven Moffat,21st century detective work
Sherlock Holmes & The Blind Banker ,Mark Gatiss & Steven Moffat,21st century detective work
Sherlock & The Monstrous Regiment of Women ,Mark Gatiss & Steven Moffat,21st century detective work
Sherlock & The Study In Pink,Mark Gatiss & Steven Moffat,21st century detective work
